city,year,affordability_ratio
Berlin,1984,0.29497159061661915
Berlin,1985,0.2869963482442836
Berlin,1986,0.2744033691329409
Berlin,1987,0.25333094968331576
Berlin,1988,0.25712562298043506
Berlin,1989,0.26672175675176346
Berlin,1990,0.34329589110389125
Berlin,1991,0.4056153252252499
Berlin,1992,0.4210771851108552
Berlin,1993,0.38042253403963266
Berlin,1994,0.3711818289522071
Berlin,1995,0.34550777781931946
Berlin,1996,0.348864028290611
Berlin,1997,0.2967496251630439
Berlin,1998,0.2989915546577296
Berlin,1999,0.2800244519198009
Berlin,2000,0.3062163198215071
Berlin,2001,0.2807467779398934
Berlin,2002,0.28860966097501595
Berlin,2003,0.2763000156024122
Berlin,2004,0.2553631493831532
Berlin,2005,0.2427368915677263
Berlin,2006,0.24734234260321075
Berlin,2007,0.26339475925951117
Berlin,2008,0.27524584383836526
Berlin,2009,0.2701495545185579
Berlin,2010,0.28284725401572847
Berlin,2011,0.30207881505718026
Berlin,2012,0.29367868018300974
Berlin,2013,0.30214906850616013
Berlin,2014,0.30401529683907014
Berlin,2015,0.324461992681571
Berlin,2016,0.30422778025905656
Berlin,2017,0.31113238001825194
Berlin,2018,0.3400719447373762
Berlin,2019,0.33127146566583987
Berlin,2020,0.3165512631828248
Berlin,2021,0.34808135293993914
Berlin,2022,0.3941212600682157
Berlin,2023,0.41653875066263973
Berlin,2024,0.3881690227451755
Berlin,1984,0.36871448827077397
Berlin,1985,0.35874543530535447
Berlin,1986,0.3430042114161762
Berlin,1987,0.31666368710414466
Berlin,1988,0.3214070287255438
Berlin,1989,0.3334021959397043
Berlin,1990,0.429119863879864
Berlin,1991,0.5070191565315624
Berlin,1992,0.526346481388569
Berlin,1993,0.47552816754954086
Berlin,1994,0.46397728619025885
Berlin,1995,0.4318847222741493
Berlin,1996,0.4360800353632637
Berlin,1997,0.37093703145380486
Berlin,1998,0.3737394433221619
Berlin,1999,0.3500305648997511
Berlin,2000,0.3827703997768839
Berlin,2001,0.3509334724248667
Berlin,2002,0.36076207621877
Berlin,2003,0.3453750195030153
Berlin,2004,0.31920393672894143
Berlin,2005,0.30342111445965786
Berlin,2006,0.3091779282540134
Berlin,2007,0.329243449074389
Berlin,2008,0.3440573047979566
Berlin,2009,0.3376869431481973
Berlin,2010,0.3535590675196606
Berlin,2011,0.37759851882147527
Berlin,2012,0.3670983502287622
Berlin,2013,0.3776863356327002
Berlin,2014,0.38001912104883767
Berlin,2015,0.40557749085196376
Berlin,2016,0.3802847253238206
Berlin,2017,0.3889154750228149
Berlin,2018,0.42508993092172026
Berlin,2019,0.41408933208229987
Berlin,2020,0.39568907897853106
Berlin,2021,0.435101691174924
Berlin,2022,0.49265157508526963
Berlin,2023,0.5206734383282997
Berlin,2024,0.48521127843146933
Berlin,1984,0.2089906693419498
Berlin,1985,0.20334012096854726
Berlin,1986,0.19441785449540303
Berlin,1987,0.1794878097537201
Berlin,1988,0.18217637820412974
Berlin,1989,0.18897534625312884
Berlin,1990,0.24322897643859087
Berlin,1991,0.28738299216196306
Berlin,1992,0.2983378927339439
Berlin,1993,0.26416976489082505
Berlin,1994,0.2525193517434893
Berlin,1995,0.23018142899780117
Berlin,1996,0.23702885976528262
Berlin,1997,0.2055433275890602
Berlin,1998,0.21104841529993196
Berlin,1999,0.20136165529934857
Berlin,2000,0.22343403451113983
Berlin,2001,0.20781874833164451
Berlin,2002,0.21669112158478032
Berlin,2003,0.2081793663077888
Berlin,2004,0.19307950277644254
Berlin,2005,0.18417454078520923
Berlin,2006,0.1883227859385349
Berlin,2007,0.2053727893137696
Berlin,2008,0.2196584131322183
Berlin,2009,0.220543092554034
Berlin,2010,0.22921423612391675
Berlin,2011,0.2429889691022367
Berlin,2012,0.23447215526010812
Berlin,2013,0.2385924814595298
Berlin,2014,0.24312750991380486
Berlin,2015,0.25918151241652004
Berlin,2016,0.2513303172662492
Berlin,2017,0.2537314925150522
Berlin,2018,0.27849113276728404
Berlin,2019,0.2793924661272371
Berlin,2020,0.26494114341839925
Berlin,2021,0.2945083601400204
Berlin,2022,0.2987718275523994
Berlin,2023,0.3095349742403798
Berlin,2024,0.29407230291340775
Bochum,1991,0.28649598069966614
Bochum,1992,0.266782674730259
Bochum,1993,0.22885248605824343
Bochum,1994,0.2721072515837077
Bochum,1995,0.29524259585862145
Bochum,1996,0.2672593949866455
Bochum,1997,0.2487150308841822
Bochum,1998,0.2381341921936283
Bochum,1999,0.22562332802320811
Bochum,2000,0.24012308507314428
Bochum,2001,0.20894299782331402
Bochum,2002,0.22015013560142
Bochum,2003,0.20302487469258312
Bochum,2004,0.1979752922267896
Bochum,2005,0.1761238850777963
Bochum,2006,0.17703841153748218
Bochum,2007,0.1699084199773716
Bochum,2008,0.15604849710974864
Bochum,2009,0.15814862079026365
Bochum,2010,0.16524909198956567
Bochum,2011,0.15952778700725134
Bochum,2012,0.16015520471327138
Bochum,2013,0.15889559880307283
Bochum,2014,0.17540324668633508
Bochum,2015,0.17399564088510797
Bochum,2016,0.17356381682727734
Bochum,2017,0.16805656837729063
Bochum,2018,0.15957228447918564
Bochum,2019,0.1547427175830015
Bochum,2020,0.16981669132094857
Bochum,2021,0.1672584466933486
Bochum,2022,0.19069910443370758
Bochum,2023,0.1890904057057102
Bochum,2024,0.19625013257139817
Bochum,1991,0.35811997587458255
Bochum,1992,0.33347834341282373
Bochum,1993,0.2860656075728043
Bochum,1994,0.3401340644796346
Bochum,1995,0.36905324482327684
Bochum,1996,0.33407424373330696
Bochum,1997,0.3108937886052278
Bochum,1998,0.2976677402420354
Bochum,1999,0.2820291600290102
Bochum,2000,0.3001538563414303
Bochum,2001,0.26117874727914253
Bochum,2002,0.2751876695017749
Bochum,2003,0.2537810933657289
Bochum,2004,0.247469115283487
Bochum,2005,0.22015485634724538
Bochum,2006,0.22129801442185268
Bochum,2007,0.21238552497171448
Bochum,2008,0.1950606213871858
Bochum,2009,0.19768577598782958
Bochum,2010,0.2065613649869571
Bochum,2011,0.19940973375906418
Bochum,2012,0.2001940058915893
Bochum,2013,0.19861949850384109
Bochum,2014,0.21925405835791886
Bochum,2015,0.217494551106385
Bochum,2016,0.2169547710340966
Bochum,2017,0.2100707104716133
Bochum,2018,0.19946535559898204
Bochum,2019,0.19342839697875194
Bochum,2020,0.2122708641511858
Bochum,2021,0.20907305836668585
Bochum,2022,0.23837388054213457
Bochum,2023,0.23636300713213765
Bochum,2024,0.24531266571424773
Bochum,1991,0.20499453091872394
Bochum,1992,0.19088920245936175
Bochum,1993,0.1604905791940645
Bochum,1994,0.18694984455963307
Bochum,1995,0.19864082163313024
Bochum,1996,0.18338130174628212
Bochum,1997,0.1739771734081188
Bochum,1998,0.16975476193229597
Bochum,1999,0.16384826689053333
Bochum,2000,0.1769424121955749
Bochum,2001,0.15619775941810823
Bochum,2002,0.16692686778610605
Bochum,2003,0.15448384070730553
Bochum,2004,0.15117012522556253
Bochum,2005,0.13495503763537428
Bochum,2006,0.1361284623820517
Bochum,2007,0.13379124883333704
Bochum,2008,0.12576612977815507
Bochum,2009,0.13038620574195814
Bochum,2010,0.13524017893228507
Bochum,2011,0.1295924392225818
Bochum,2012,0.12913291266008398
Bochum,2013,0.1296479789074758
Bochum,2014,0.1451856210978385
Bochum,2015,0.14051267993547836
Bochum,2016,0.15373658884503746
Bochum,2017,0.14656434512594668
Bochum,2018,0.1398333552604351
Bochum,2019,0.137863567346084
Bochum,2020,0.1371004303104178
Bochum,2021,0.14873828209117076
Bochum,2022,0.15317702737321062
Bochum,2023,0.148887765839682
Bochum,2024,0.15753549060761984
Bonn,1994,0.27682947141769215
Bonn,1995,0.27944302397085574
Bonn,1996,0.2585941298123881
Bonn,1997,0.24472440248508753
Bonn,1998,0.23039505107733885
Bonn,1999,0.22382974643866935
Bonn,2000,0.2371396932039055
Bonn,2001,0.2147361137488318
Bonn,2002,0.20565527603929884
Bonn,2003,0.18858344332293736
Bonn,2004,0.18456728088014596
Bonn,2005,0.17815637340353874
Bonn,2006,0.20094686625463345
Bonn,2007,0.19045580644813367
Bonn,2008,0.18511787231296173
Bonn,2009,0.19957052196321412
Bonn,2010,0.19399970331370395
Bonn,2011,0.19099688095714853
Bonn,2012,0.19373956321553595
Bonn,2013,0.17955450548419452
Bonn,2014,0.18482800438643848
Bonn,2015,0.1909401663442603
Bonn,2016,0.1900641659991268
Bonn,2017,0.19694375496909405
Bonn,2018,0.20538944073874837
Bonn,2019,0.21554339037251308
Bonn,2020,0.21947922852473295
Bonn,2021,0.23832845141470088
Bonn,2022,0.27884318249360157
Bonn,2023,0.2556725311080961
Bonn,2024,0.23814149886788197
Bonn,1994,0.34603683927211515
Bonn,1995,0.34930377996356965
Bonn,1996,0.32324266226548515
Bonn,1997,0.3059055031063594
Bonn,1998,0.28799381384667355
Bonn,1999,0.27978718304833666
Bonn,2000,0.2964246165048818
Bonn,2001,0.26842014218603977
Bonn,2002,0.25706909504912345
Bonn,2003,0.2357293041536717
Bonn,2004,0.23070910110018247
Bonn,2005,0.22269546675442345
Bonn,2006,0.2511835828182918
Bonn,2007,0.23806975806016709
Bonn,2008,0.2313973403912021
Bonn,2009,0.24946315245401768
Bonn,2010,0.24249962914212989
Bonn,2011,0.23874610119643563
Bonn,2012,0.2421744540194199
Bonn,2013,0.22444313185524312
Bonn,2014,0.2310350054830482
Bonn,2015,0.23867520793032532
Bonn,2016,0.2375802074989085
Bonn,2017,0.24617969371136755
Bonn,2018,0.2567368009234354
Bonn,2019,0.26942923796564133
Bonn,2020,0.2743490356559161
Bonn,2021,0.2979105642683761
Bonn,2022,0.34855397811700195
Bonn,2023,0.3195906638851201
Bonn,2024,0.29767687358485245
Bonn,1994,0.18053582179652455
Bonn,1995,0.1784632637938366
Bonn,1996,0.16842509595609345
Bonn,1997,0.16249259943603347
Bonn,1998,0.15589759864409472
Bonn,1999,0.15429140182882714
Bonn,2000,0.165870194477077
Bonn,2001,0.15237655076024006
Bonn,2002,0.14801755082831317
Bonn,2003,0.13620825820779398
Bonn,2004,0.13377524816858233
Bonn,2005,0.12958009033175769
Bonn,2006,0.14666576224726477
Bonn,2007,0.14235512104119455
Bonn,2008,0.14161802297773862
Bonn,2009,0.15618118116315913
Bonn,2010,0.1507071273459703
Bonn,2011,0.14727725123192084
Bonn,2012,0.14827921472190317
Bonn,2013,0.12739057891618438
Bonn,2014,0.14205424575602027
Bonn,2015,0.1420629543110514
Bonn,2016,0.141282463355558
Bonn,2017,0.15219543636011976
Bonn,2018,0.16241749767084787
Bonn,2019,0.17476119967115647
Bonn,2020,0.17067759450195488
Bonn,2021,0.1818185967774129
Bonn,2022,0.1868871944451611
Bonn,2023,0.16797634234562694
Bonn,2024,0.15950638182051324
Chemnitz,1993,0.2736244804884966
Chemnitz,1994,0.30719702929573817
Chemnitz,1995,0.33160876793161814
Chemnitz,1996,0.29552599221898684
Chemnitz,1997,0.2824324634997315
Chemnitz,1998,0.2505430211653814
Chemnitz,1999,0.22469997961671095
Chemnitz,2000,0.24206100124113306
Chemnitz,2001,0.23125291788377833
Chemnitz,2002,0.21108115124779253
Chemnitz,2003,0.19443464735336216
Chemnitz,2004,0.17318296776582137
Chemnitz,2005,0.17139604665698077
Chemnitz,2006,0.1911594177103634
Chemnitz,2007,0.19189605696891113
Chemnitz,2008,0.1757072994401239
Chemnitz,2009,0.16202220730457978
Chemnitz,2010,0.1367623274457128
Chemnitz,2011,0.1330071295027441
Chemnitz,2012,0.11891317890302508
Chemnitz,2013,0.12323896283955546
Chemnitz,2014,0.102531984673442
Chemnitz,2015,0.08893227990003715
Chemnitz,2016,0.0872463109570351
Chemnitz,2017,0.10292172079397098
Chemnitz,2018,0.10073267777404613
Chemnitz,2019,0.10902602610954747
Chemnitz,2020,0.10312541869784257
Chemnitz,2021,0.12256352094128392
Chemnitz,2022,0.11673652247759762
Chemnitz,2023,0.12106658165427465
Chemnitz,2024,0.11314795932727201
Chemnitz,1993,0.3420306006106206
Chemnitz,1994,0.3839962866196726
Chemnitz,1995,0.41451095991452264
Chemnitz,1996,0.3694074902737336
Chemnitz,1997,0.3530405793746644
Chemnitz,1998,0.3131787764567267
Chemnitz,1999,0.2808749745208886
Chemnitz,2000,0.30257625155141626
Chemnitz,2001,0.28906614735472297
Chemnitz,2002,0.2638514390597407
Chemnitz,2003,0.2430433091917027
Chemnitz,2004,0.21647870970727667
Chemnitz,2005,0.21424505832122587
Chemnitz,2006,0.23894927213795422
Chemnitz,2007,0.23987007121113893
Chemnitz,2008,0.2196341243001549
Chemnitz,2009,0.20252775913072474
Chemnitz,2010,0.17095290930714097
Chemnitz,2011,0.16625891187843014
Chemnitz,2012,0.14864147362878138
Chemnitz,2013,0.15404870354944433
Chemnitz,2014,0.1281649808418025
Chemnitz,2015,0.11116534987504641
Chemnitz,2016,0.10905788869629386
Chemnitz,2017,0.12865215099246372
Chemnitz,2018,0.12591584721755766
Chemnitz,2019,0.13628253263693432
Chemnitz,2020,0.1289067733723032
Chemnitz,2021,0.15320440117660492
Chemnitz,2022,0.14592065309699703
Chemnitz,2023,0.1513332270678433
Chemnitz,2024,0.14143494915908994
Chemnitz,1993,0.21018719327465527
Chemnitz,1994,0.23118486321290488
Chemnitz,1995,0.24438406471458796
Chemnitz,1996,0.22211359713500067
Chemnitz,1997,0.2164024850083736
Chemnitz,1998,0.19563200660395527
Chemnitz,1999,0.1787385684093376
Chemnitz,2000,0.19538006309390332
Chemnitz,2001,0.1893614588260846
Chemnitz,2002,0.17531300434847646
Chemnitz,2003,0.16205590290087415
Chemnitz,2004,0.14484968294732406
Chemnitz,2005,0.1438563494559169
Chemnitz,2006,0.1610032062780194
Chemnitz,2007,0.16551457698222558
Chemnitz,2008,0.1551141084811156
Chemnitz,2009,0.14631814084543987
Chemnitz,2010,0.12260001662623593
Chemnitz,2011,0.11835200933837928
Chemnitz,2012,0.10502272202210826
Chemnitz,2013,0.1046327027489415
Chemnitz,2014,0.09094800793073571
Chemnitz,2015,0.07372408079694831
Chemnitz,2016,0.0840544582901927
Chemnitz,2017,0.09362906135463196
Chemnitz,2018,0.09143404833610289
Chemnitz,2019,0.10777586345614416
Chemnitz,2020,0.10547047950959827
Chemnitz,2021,0.11615069516376904
Chemnitz,2022,0.10497763149027087
Chemnitz,2023,0.10672319889072365
Chemnitz,2024,0.10168577694324346
Köln,1991,0.2197176693926602
Köln,1992,0.2075699479804561
Köln,1993,0.2244527068880336
Köln,1994,0.24022643240295374
Köln,1995,0.1924668524321126
Köln,1996,0.18354472330292773
Köln,1997,0.18754232152408828
Köln,1998,0.18748240719581155
Köln,1999,0.18704630681423867
Köln,2000,0.19534258948240718
Köln,2001,0.18981693575741232
Köln,2002,0.18987602533143635
Köln,2003,0.17185850889674234
Köln,2004,0.18459408786770556
Köln,2005,0.1745296844187612
Köln,2006,0.18314149102807187
Köln,2007,0.19362062357361784
Köln,2008,0.17499011944869122
Köln,2009,0.19703307285457108
Köln,2010,0.19157963275389045
Köln,2011,0.19082035676663153
Köln,2012,0.18019679311788972
Köln,2013,0.189406722636824
Köln,2014,0.19228688975038635
Köln,2015,0.18551650504442144
Köln,2016,0.20630306323561107
Köln,2017,0.18986965381760637
Köln,2018,0.18917743437033469
Köln,2019,0.19137290768488766
Köln,2020,0.19273612778028074
Köln,2021,0.21413855956944153
Köln,2022,0.21812272034221197
Köln,2023,0.20277919827934696
Köln,2024,0.2048782325676963
Dortmund,1980,0.2689866430714363
Dortmund,1981,0.3141897496475464
Dortmund,1982,0.2708413364225823
Dortmund,1983,0.28044780701642746
Dortmund,1984,0.2683734112611792
Dortmund,1985,0.2133385510814633
Dortmund,1986,0.20422051133881708
Dortmund,1987,0.19312755747571247
Dortmund,1988,0.18940375450605637
Dortmund,1989,0.2004677352501191
Dortmund,1990,0.2343469605452206
Dortmund,1991,0.24483319472951126
Dortmund,1992,0.2408729290296165
Dortmund,1993,0.24189328258687243
Dortmund,1994,0.24312604143705904
Dortmund,1995,0.2757176114432257
Dortmund,1996,0.2625812620343301
Dortmund,1997,0.2707974232456433
Dortmund,1998,0.2697696345411206
Dortmund,1999,0.26007605140752776
Dortmund,2000,0.2508402610351743
Dortmund,2001,0.23479976669036096
Dortmund,2002,0.24154876314600945
Dortmund,2003,0.2044791358845119
Dortmund,2004,0.18751516645415778
Dortmund,2005,0.19372532244880078
Dortmund,2006,0.17968221680622112
Dortmund,2007,0.18293232910610877
Dortmund,2008,0.15241906988463513
Dortmund,2009,0.1479251979933009
Dortmund,2010,0.14905352084062487
Dortmund,2011,0.16021584314897036
Dortmund,2012,0.1523188698503
Dortmund,2013,0.1672770825288977
Dortmund,2014,0.17280413132679026
Dortmund,2015,0.16859048618915742
Dortmund,2016,0.15994554743839348
Dortmund,2017,0.14137885714835927
Dortmund,2018,0.15775347975314985
Dortmund,2019,0.16812402804570778
Dortmund,2020,0.16146907975283767
Dortmund,2021,0.1776528290390661
Dortmund,2022,0.20312681147990733
Dortmund,2023,0.21969737975830075
Dortmund,2024,0.2112982848408086
Dortmund,1980,0.3362333038392954
Dortmund,1981,0.392737187059433
Dortmund,1982,0.3385516705282279
Dortmund,1983,0.35055975877053425
Dortmund,1984,0.3354667640764739
Dortmund,1985,0.26667318885182917
Dortmund,1986,0.25527563917352136
Dortmund,1987,0.24140944684464055
Dortmund,1988,0.23675469313257044
Dortmund,1989,0.250584669062649
Dortmund,1990,0.29293370068152574
Dortmund,1991,0.3060414934118891
Dortmund,1992,0.3010911612870207
Dortmund,1993,0.30236660323359044
Dortmund,1994,0.30390755179632384
Dortmund,1995,0.34464701430403205
Dortmund,1996,0.3282265775429126
Dortmund,1997,0.3384967790570542
Dortmund,1998,0.33721204317640063
Dortmund,1999,0.3250950642594097
Dortmund,2000,0.3135503262939679
Dortmund,2001,0.29349970836295125
Dortmund,2002,0.3019359539325117
Dortmund,2003,0.25559891985563993
Dortmund,2004,0.2343939580676972
Dortmund,2005,0.24215665306100095
Dortmund,2006,0.22460277100777634
Dortmund,2007,0.228665411382636
Dortmund,2008,0.1905238373557939
Dortmund,2009,0.18490649749162608
Dortmund,2010,0.18631690105078108
Dortmund,2011,0.20026980393621302
Dortmund,2012,0.190398587312875
Dortmund,2013,0.20909635316112213
Dortmund,2014,0.21600516415848778
Dortmund,2015,0.2107381077364467
Dortmund,2016,0.19993193429799183
Dortmund,2017,0.17672357143544906
Dortmund,2018,0.1971918496914373
Dortmund,2019,0.21015503505713473
Dortmund,2020,0.20183634969104708
Dortmund,2021,0.22206603629883262
Dortmund,2022,0.25390851434988415
Dortmund,2023,0.27462172469787594
Dortmund,2024,0.26412285605101077
Dortmund,1980,0.21036076370075477
Dortmund,1981,0.24571181278043633
Dortmund,1982,0.2118112249776523
Dortmund,1983,0.21932395671598415
Dortmund,1984,0.20988118631186173
Dortmund,1985,0.166841223117501
Dortmund,1986,0.1597104682896209
Dortmund,1987,0.1510352336396974
Dortmund,1988,0.14812303685690045
Dortmund,1989,0.15677561310498347
Dortmund,1990,0.18327083095405247
Dortmund,1991,0.1914715810216553
Dortmund,1992,0.18837445877210734
Dortmund,1993,0.18540779997893245
Dortmund,1994,0.18256888129322044
Dortmund,1995,0.20275159439312077
Dortmund,1996,0.19692283725867055
Dortmund,1997,0.2070356092232301
Dortmund,1998,0.21018588841429073
Dortmund,1999,0.20642794858359192
Dortmund,2000,0.20202520489524822
Dortmund,2001,0.1918469601738646
Dortmund,2002,0.20018078493934646
Dortmund,2003,0.17005644303930986
Dortmund,2004,0.15649543105314043
Dortmund,2005,0.16224357933989655
Dortmund,2006,0.1510069078114558
Dortmund,2007,0.15743944600661886
Dortmund,2008,0.13426218046213662
Dortmund,2009,0.13329647989866944
Dortmund,2010,0.13332732837429476
Dortmund,2011,0.14225222437630214
Dortmund,2012,0.13423318083317054
Dortmund,2013,0.13852912689914754
Dortmund,2014,0.15067624967492527
Dortmund,2015,0.1446928211152326
Dortmund,2016,0.13834902825121076
Dortmund,2017,0.12242445974944469
Dortmund,2018,0.13804917268673209
Dortmund,2019,0.1491099821318513
Dortmund,2020,0.1380088390149089
Dortmund,2021,0.1509650577886417
Dortmund,2022,0.16274150532125867
Dortmund,2023,0.1725442497730744
Dortmund,2024,0.16918058275929057
Dresden,1992,0.3455370363447083
Dresden,1993,0.38781217949302466
Dresden,1994,0.3882503272497639
Dresden,1995,0.3682889678081581
Dresden,1996,0.3241245529895782
Dresden,1997,0.29469966018015115
Dresden,1998,0.31732601959028855
Dresden,1999,0.27710809327516256
Dresden,2000,0.2990744779770461
Dresden,2001,0.2648913356458032
Dresden,2002,0.2737451876833391
Dresden,2003,0.26819019008362266
Dresden,2004,0.25067887506807823
Dresden,2005,0.2372215152373942
Dresden,2006,0.2184956136180617
Dresden,2007,0.23865525158640546
Dresden,2008,0.2346702667907498
Dresden,2009,0.23375771534943537
Dresden,2010,0.23353326476602818
Dresden,2011,0.22614024698734056
Dresden,2012,0.22167329577514708
Dresden,2013,0.21392766692334753
Dresden,2014,0.21991447292482116
Dresden,2015,0.2115055744608593
Dresden,2016,0.19332787810626934
Dresden,2017,0.1882640181859908
Dresden,2018,0.1829567055207529
Dresden,2019,0.18772952366603238
Dresden,2020,0.1947419003201548
Dresden,2021,0.22264354478807288
Dresden,2022,0.2554440772598549
Dresden,2023,0.2345097742367075
Dresden,2024,0.22387289148654607
Dresden,1992,0.43192129543088525
Dresden,1993,0.4847652243662808
Dresden,1994,0.4853129090622049
Dresden,1995,0.4603612097601976
Dresden,1996,0.4051556912369729
Dresden,1997,0.3683745752251888
Dresden,1998,0.3966575244878607
Dresden,1999,0.3463851165939531
Dresden,2000,0.37384309747130756
Dresden,2001,0.33111416955725403
Dresden,2002,0.3421814846041739
Dresden,2003,0.33523773760452824
Dresden,2004,0.3133485938350977
Dresden,2005,0.29652689404674276
Dresden,2006,0.2731195170225772
Dresden,2007,0.2983190644830069
Dresden,2008,0.2933378334884373
Dresden,2009,0.2921971441867942
Dresden,2010,0.29191658095753525
Dresden,2011,0.2826753087341757
Dresden,2012,0.2770916197189338
Dresden,2013,0.2674095836541844
Dresden,2014,0.2748930911560265
Dresden,2015,0.2643819680760741
Dresden,2016,0.24165984763283674
Dresden,2017,0.23533002273248854
Dresden,2018,0.22869588190094114
Dresden,2019,0.23466190458254044
Dresden,2020,0.24342737540019344
Dresden,2021,0.27830443098509106
Dresden,2022,0.3193050965748187
Dresden,2023,0.29313721779588436
Dresden,2024,0.27984111435818254
Dresden,1992,0.2612140736112257
Dresden,1993,0.2873383416973586
Dresden,1994,0.28182210216159376
Dresden,1995,0.261792032206832
Dresden,1996,0.2349698978838712
Dresden,1997,0.2177950978357967
Dresden,1998,0.23899241593850726
Dresden,1999,0.21261078357746716
Dresden,2000,0.23283893781325088
Dresden,2001,0.2092150673164384
Dresden,2002,0.2192966549723173
Dresden,2003,0.2156030608405674
Dresden,2004,0.2022324970131346
Dresden,2005,0.19204506269432367
Dresden,2006,0.17750164592695392
Dresden,2007,0.19854640534985202
Dresden,2008,0.19982066510015714
Dresden,2009,0.2036153052169026
Dresden,2010,0.20192664641924643
Dresden,2011,0.19408832535333262
Dresden,2012,0.18883717520034465
Dresden,2013,0.18345436403291837
Dresden,2014,0.1876421118885177
Dresden,2015,0.1798791619946783
Dresden,2016,0.17700757822029886
Dresden,2017,0.17178679540875025
Dresden,2018,0.16878561825250696
Dresden,2019,0.17819188391563565
Dresden,2020,0.17935184424710543
Dresden,2021,0.20753526976584694
Dresden,2022,0.2085025482871515
Dresden,2023,0.18763809453723768
Dresden,2024,0.1826167063220537
Duisburg,1980,0.28683161432951887
Duisburg,1981,0.3244676465048497
Duisburg,1982,0.31893745872448875
Duisburg,1983,0.30693182300104566
Duisburg,1984,0.29719636158953283
Duisburg,1985,0.2380906400103648
Duisburg,1986,0.20042193946587278
Duisburg,1987,0.18786951371342547
Duisburg,1988,0.17387597100845287
Duisburg,1989,0.19874968774424745
Duisburg,1990,0.22206036321927802
Duisburg,1991,0.24175578433787914
Duisburg,1992,0.2485485330532882
Duisburg,1993,0.22253150987268758
Duisburg,1994,0.27899626281633844
Duisburg,1995,0.2733440656295886
Duisburg,1996,0.25262490099486856
Duisburg,1997,0.252743328053565
Duisburg,1998,0.22735305877610876
Duisburg,1999,0.21674967152107716
Duisburg,2000,0.24496721247104195
Duisburg,2001,0.20577577391609128
Duisburg,2002,0.20293504700412965
Duisburg,2003,0.1781503326239847
Duisburg,2004,0.16458722283218674
Duisburg,2005,0.15092735336260793
Duisburg,2006,0.15680916216338509
Duisburg,2007,0.15356007286727566
Duisburg,2008,0.1543872024808885
Duisburg,2009,0.13697513115483234
Duisburg,2010,0.1349673160205065
Duisburg,2011,0.12265187184918565
Duisburg,2012,0.11501493771640992
Duisburg,2013,0.11225735296815405
Duisburg,2014,0.11322028844495317
Duisburg,2015,0.10070245816899828
Duisburg,2016,0.11369888498673038
Duisburg,2017,0.10363063392461153
Duisburg,2018,0.1280540755026168
Duisburg,2019,0.13338945022648183
Duisburg,2020,0.13114059768529368
Duisburg,2021,0.14069555675237394
Duisburg,2022,0.16997429390208446
Duisburg,2023,0.18147940411801516
Duisburg,2024,0.16286200607150397
Duisburg,1980,0.3585395179118985
Duisburg,1981,0.40558455813106215
Duisburg,1982,0.3986718234056109
Duisburg,1983,0.38366477875130706
Duisburg,1984,0.371495451986916
Duisburg,1985,0.297613300012956
Duisburg,1986,0.250527424332341
Duisburg,1987,0.23483689214178177
Duisburg,1988,0.21734496376056614
Duisburg,1989,0.24843710968030927
Duisburg,1990,0.27757545402409745
Duisburg,1991,0.302194730422349
Duisburg,1992,0.3106856663166103
Duisburg,1993,0.2781643873408594
Duisburg,1994,0.34874532852042295
Duisburg,1995,0.3416800820369857
Duisburg,1996,0.31578112624358573
Duisburg,1997,0.31592916006695615
Duisburg,1998,0.2841913234701359
Duisburg,1999,0.2709370894013464
Duisburg,2000,0.3062090155888024
Duisburg,2001,0.25721971739511407
Duisburg,2002,0.253668808755162
Duisburg,2003,0.2226879157799809
Duisburg,2004,0.20573402854023334
Duisburg,2005,0.18865919170325993
Duisburg,2006,0.19601145270423131
Duisburg,2007,0.19195009108409458
Duisburg,2008,0.1929840031011106
Duisburg,2009,0.17121891394354039
Duisburg,2010,0.16870914502563314
Duisburg,2011,0.15331483981148203
Duisburg,2012,0.14376867214551242
Duisburg,2013,0.14032169121019256
Duisburg,2014,0.14152536055619144
Duisburg,2015,0.12587807271124785
Duisburg,2016,0.142123606233413
Duisburg,2017,0.12953829240576437
Duisburg,2018,0.16006759437827095
Duisburg,2019,0.1667368127831023
Duisburg,2020,0.16392574710661711
Duisburg,2021,0.17586944594046738
Duisburg,2022,0.21246786737760556
Duisburg,2023,0.22684925514751902
Duisburg,2024,0.20357750758938
Duisburg,1980,0.22780287889191378
Duisburg,1981,0.25769357451711605
Duisburg,1982,0.2533014760375816
Duisburg,1983,0.24376654946708848
Duisburg,1984,0.23603460491813116
Duisburg,1985,0.18909259133921616
Duisburg,1986,0.15917595035732435
Duisburg,1987,0.1492067608376521
Duisburg,1988,0.13809303015095206
Duisburg,1989,0.15784784098099672
Duisburg,1990,0.17636127784373584
Duisburg,1991,0.1920034644356628
Duisburg,1992,0.197398294139413
Duisburg,1993,0.17321834083297258
Duisburg,1994,0.21276090478357884
Duisburg,1995,0.20413035341995445
Duisburg,1996,0.19240071280175589
Duisburg,1997,0.1962358668859029
Duisburg,1998,0.17989100989609136
Duisburg,1999,0.17471281011023623
Duisburg,2000,0.20036157613217498
Duisburg,2001,0.17074565939453468
Duisburg,2002,0.17079407222479445
Duisburg,2003,0.15046271516389642
Duisburg,2004,0.13949529105145023
Duisburg,2005,0.12836518473309524
Duisburg,2006,0.1338324163229301
Duisburg,2007,0.13421453954813978
Duisburg,2008,0.13810959570596082
Duisburg,2009,0.12534771273206366
Duisburg,2010,0.12260373943007202
Duisburg,2011,0.11059257095945106
Duisburg,2012,0.10293393810020404
Duisburg,2013,0.09759607833776014
Duisburg,2014,0.10445869027924778
Duisburg,2015,0.08607397172920839
Duisburg,2016,0.10340025783500534
Duisburg,2017,0.09593003455005142
Duisburg,2018,0.11633072924586427
Duisburg,2019,0.12827727705765352
Duisburg,2020,0.11499491208534654
Duisburg,2021,0.12681427940478718
Duisburg,2022,0.13653961958923808
Duisburg,2023,0.14290496674490172
Duisburg,2024,0.1307430735069416
Düsseldorf,1980,0.2368513486306281
Düsseldorf,1981,0.23672094065384486
Düsseldorf,1982,0.22057155284235544
Düsseldorf,1983,0.2381169922047886
Düsseldorf,1984,0.21798027794764735
Düsseldorf,1985,0.20763504691914253
Düsseldorf,1986,0.19036326399993844
Düsseldorf,1987,0.18565412855299818
Düsseldorf,1988,0.1695505658746312
Düsseldorf,1989,0.19534785447397396
Düsseldorf,1990,0.24174588337448452
Düsseldorf,1991,0.2763876961008299
Düsseldorf,1992,0.26176335562388164
Düsseldorf,1993,0.24318600169123428
Düsseldorf,1994,0.24997062743313925
Düsseldorf,1995,0.26376856694686873
Düsseldorf,1996,0.25170725665874943
Düsseldorf,1997,0.24778411687981763
Düsseldorf,1998,0.23506785350654177
Düsseldorf,1999,0.22835583159859996
Düsseldorf,2000,0.23596851602719832
Düsseldorf,2001,0.22135629219918826
Düsseldorf,2002,0.22238470555291337
Düsseldorf,2003,0.20129328816783004
Düsseldorf,2004,0.21182247793126174
Düsseldorf,2005,0.2002587833649313
Düsseldorf,2006,0.21837134072688488
Düsseldorf,2007,0.22187832948511108
Düsseldorf,2008,0.20711368597906868
Düsseldorf,2009,0.21839867878924676
Düsseldorf,2010,0.2151206719924803
Düsseldorf,2011,0.20947324471201212
Düsseldorf,2012,0.2537878410723614
Düsseldorf,2013,0.2550195858111221
Düsseldorf,2014,0.2667674716678411
Düsseldorf,2015,0.2694173204467749
Düsseldorf,2016,0.28727006384165227
Düsseldorf,2017,0.29802084013948776
Düsseldorf,2018,0.2827849649181906
Düsseldorf,2019,0.279385753821656
Düsseldorf,2020,0.27705669486267354
Düsseldorf,2021,0.3090761616300682
Düsseldorf,2022,0.35818662611728164
Düsseldorf,2023,0.3325289460183564
Düsseldorf,2024,0.3027898656353554
Düsseldorf,1980,0.29606418578828514
Düsseldorf,1981,0.2959011758173061
Düsseldorf,1982,0.27571444105294424
Düsseldorf,1983,0.2976462402559858
Düsseldorf,1984,0.2724753474345591
Düsseldorf,1985,0.2595438086489282
Düsseldorf,1986,0.23795407999992302
Düsseldorf,1987,0.2320676606912478
Düsseldorf,1988,0.211938207343289
Düsseldorf,1989,0.24418481809246737
Düsseldorf,1990,0.30218235421810563
Düsseldorf,1991,0.3454846201260374
Düsseldorf,1992,0.327204194529852
Düsseldorf,1993,0.3039825021140429
Düsseldorf,1994,0.312463284291424
Düsseldorf,1995,0.32971070868358593
Düsseldorf,1996,0.31463407082343675
Düsseldorf,1997,0.30973014609977206
Düsseldorf,1998,0.2938348168831772
Düsseldorf,1999,0.28544478949825
Düsseldorf,2000,0.2949606450339979
Düsseldorf,2001,0.27669536524898525
Düsseldorf,2002,0.2779808819411417
Düsseldorf,2003,0.25161661020978754
Düsseldorf,2004,0.26477809741407715
Düsseldorf,2005,0.2503234792061641
Düsseldorf,2006,0.2729641759086061
Düsseldorf,2007,0.2773479118563888
Düsseldorf,2008,0.2588921074738359
Düsseldorf,2009,0.27299834848655846
Düsseldorf,2010,0.2689008399906004
Düsseldorf,2011,0.26184155589001507
Düsseldorf,2012,0.31723480134045173
Düsseldorf,2013,0.31877448226390254
Düsseldorf,2014,0.3334593395848014
Düsseldorf,2015,0.33677165055846847
Düsseldorf,2016,0.3590875798020654
Düsseldorf,2017,0.3725260501743597
Düsseldorf,2018,0.3534812061477382
Düsseldorf,2019,0.3492321922770699
Düsseldorf,2020,0.34632086857834193
Düsseldorf,2021,0.38634520203758527
Düsseldorf,2022,0.44773328264660206
Düsseldorf,2023,0.4156611825229454
Düsseldorf,2024,0.3784873320441943
Düsseldorf,1980,0.17158876717130522
Düsseldorf,1981,0.17149429211724748
Düsseldorf,1982,0.1597947448646529
Düsseldorf,1983,0.1725056723180316
Düsseldorf,1984,0.1579174759905021
Düsseldorf,1985,0.1504227944168211
Düsseldorf,1986,0.13791011946229312
Düsseldorf,1987,0.13449855034750918
Düsseldorf,1988,0.12283220146234385
Düsseldorf,1989,0.14152124407373629
Düsseldorf,1990,0.17513465022171248
Düsseldorf,1991,0.20023117583855746
Düsseldorf,1992,0.18963646076667345
Düsseldorf,1993,0.17267192597352707
Düsseldorf,1994,0.173885442107011
Düsseldorf,1995,0.17968084386636712
Düsseldorf,1996,0.17486667717388937
Düsseldorf,1997,0.17549023424244814
Düsseldorf,1998,0.169661265067288
Düsseldorf,1999,0.16790329106450477
Düsseldorf,2000,0.17605215331973784
Düsseldorf,2001,0.1675436995471694
Düsseldorf,2002,0.17072670298586734
Düsseldorf,2003,0.15507877157967742
Düsseldorf,2004,0.16376318462996667
Düsseldorf,2005,0.1553644557644803
Düsseldorf,2006,0.17000681309250168
Düsseldorf,2007,0.17689556496477457
Düsseldorf,2008,0.16900601238942303
Düsseldorf,2009,0.18230790332522345
Düsseldorf,2010,0.17825349414938269
Düsseldorf,2011,0.1722904219353859
Düsseldorf,2012,0.2071838753392016
Düsseldorf,2013,0.20226692585393288
Düsseldorf,2014,0.2221184047019615
Düsseldorf,2015,0.21281873462522416
Düsseldorf,2016,0.23410408746693082
Düsseldorf,2017,0.25006918528163874
Düsseldorf,2018,0.22651181330833356
Düsseldorf,2019,0.23480616474498162
Düsseldorf,2020,0.2288225971720248
Düsseldorf,2021,0.24639931385549324
Düsseldorf,2022,0.250258769626086
Düsseldorf,2023,0.2277476636344379
Düsseldorf,2024,0.21141935398146497
Erfurt,1993,0.4160025246467513
Erfurt,1994,0.4342573366113347
Erfurt,1995,0.4859464422516325
Erfurt,1996,0.4246888768850067
Erfurt,1997,0.37124529815437013
Erfurt,1998,0.31094852810299994
Erfurt,1999,0.27135368060852794
Erfurt,2000,0.2726289720496714
Erfurt,2001,0.27966268592596805
Erfurt,2002,0.23325759945132746
Erfurt,2003,0.21994705717318003
Erfurt,2004,0.25126742755721515
Erfurt,2005,0.24324179357691741
Erfurt,2006,0.22894244107218642
Erfurt,2007,0.24239543682069364
Erfurt,2008,0.25946995317217
Erfurt,2009,0.24624186196324127
Erfurt,2010,0.25583929347108425
Erfurt,2011,0.2410320978059799
Erfurt,2012,0.23461214043465578
Erfurt,2013,0.21338224088143562
Erfurt,2014,0.21090625943919616
Erfurt,2015,0.1828958077171106
Erfurt,2016,0.23777229200556016
Erfurt,2017,0.21696660667992412
Erfurt,2018,0.1966475150625014
Erfurt,2019,0.1842813351858344
Erfurt,2020,0.18238866261394832
Erfurt,2021,0.23485735099093713
Erfurt,2022,0.3046017562119477
Erfurt,2023,0.2584209623201229
Erfurt,2024,0.23372353334691
Erfurt,1993,0.520003155808439
Erfurt,1994,0.5428216707641682
Erfurt,1995,0.6074330528145406
Erfurt,1996,0.5308610961062583
Erfurt,1997,0.46405662269296266
Erfurt,1998,0.38868566012875
Erfurt,1999,0.3391921007606598
Erfurt,2000,0.34078621506208917
Erfurt,2001,0.34957835740746007
Erfurt,2002,0.2915719993141593
Erfurt,2003,0.27493382146647505
Erfurt,2004,0.31408428444651887
Erfurt,2005,0.3040522419711467
Erfurt,2006,0.286178051340233
Erfurt,2007,0.30299429602586697
Erfurt,2008,0.32433744146521243
Erfurt,2009,0.3078023274540516
Erfurt,2010,0.31979911683885537
Erfurt,2011,0.30129012225747487
Erfurt,2012,0.2932651755433197
Erfurt,2013,0.26672780110179445
Erfurt,2014,0.2636328242989952
Erfurt,2015,0.2286197596463882
Erfurt,2016,0.2972153650069502
Erfurt,2017,0.27120825834990514
Erfurt,2018,0.2458093938281267
Erfurt,2019,0.23035166898229298
Erfurt,2020,0.22798582826743538
Erfurt,2021,0.2935716887386714
Erfurt,2022,0.3807521952649345
Erfurt,2023,0.32302620290015355
Erfurt,2024,0.2921544166836375
Erfurt,1993,0.3044398821473632
Erfurt,1994,0.3113463839741669
Erfurt,1995,0.3411847127347897
Erfurt,1996,0.304091741564042
Erfurt,1997,0.27099599302506266
Erfurt,1998,0.2313131819646199
Erfurt,1999,0.20563888329156527
Erfurt,2000,0.20964364605617233
Erfurt,2001,0.21816906570603908
Erfurt,2002,0.18456729952866316
Erfurt,2003,0.17464800606480732
Erfurt,2004,0.20021787271371091
Erfurt,2005,0.19450049453815935
Erfurt,2006,0.1837043384642145
Erfurt,2007,0.19918146170941595
Erfurt,2008,0.21822416914529869
Erfurt,2009,0.21185552484683984
Erfurt,2010,0.21849704658906133
Erfurt,2011,0.2043289359520079
Erfurt,2012,0.19740495100322275
Erfurt,2013,0.17572463502954008
Erfurt,2014,0.17013088210105307
Erfurt,2015,0.16782924077221512
Erfurt,2016,0.20594958732721802
Erfurt,2017,0.1838533938469772
Erfurt,2018,0.16614030724882725
Erfurt,2019,0.16689122506341436
Erfurt,2020,0.16247691005403941
Erfurt,2021,0.19926775635672533
Erfurt,2022,0.25523410633021926
Erfurt,2023,0.2122650927991337
Erfurt,2024,0.19571865170095903
Frankfurt am Main,1983,0.3228814142371793
Frankfurt am Main,1984,0.30584069989402585
Frankfurt am Main,1985,0.2779659649675182
Frankfurt am Main,1986,0.29016348351584775
Frankfurt am Main,1987,0.27921719219942626
Frankfurt am Main,1988,0.28790426059180235
Frankfurt am Main,1989,0.3228465383308282
Frankfurt am Main,1990,0.3931666049183507
Frankfurt am Main,1991,0.44951450345965155
Frankfurt am Main,1992,0.4454790112875539
Frankfurt am Main,1993,0.37591290783335174
Frankfurt am Main,1994,0.4141159757148815
Frankfurt am Main,1995,0.398756242551619
Frankfurt am Main,1996,0.3823218395172526
Frankfurt am Main,1997,0.37081879728833284
Frankfurt am Main,1998,0.3408842519192419
Frankfurt am Main,1999,0.33221591236599557
Frankfurt am Main,2000,0.3559956297635335
Frankfurt am Main,2001,0.33037785366312955
Frankfurt am Main,2002,0.31402342168511677
Frankfurt am Main,2003,0.30685363138569755
Frankfurt am Main,2004,0.27883630723218744
Frankfurt am Main,2005,0.274869963927973
Frankfurt am Main,2006,0.2871312917654497
Frankfurt am Main,2007,0.3029332956785984
Frankfurt am Main,2008,0.30981702787237525
Frankfurt am Main,2009,0.32158237618131547
Frankfurt am Main,2010,0.3179841612985839
Frankfurt am Main,2011,0.3485678472387967
Frankfurt am Main,2012,0.35216391965733373
Frankfurt am Main,2013,0.3616742318356439
Frankfurt am Main,2014,0.36863225847254855
Frankfurt am Main,2015,0.38491538586932494
Frankfurt am Main,2016,0.3793055840354601
Frankfurt am Main,2017,0.4121337270075855
Frankfurt am Main,2018,0.3886657247704977
Frankfurt am Main,2019,0.3747486387170651
Frankfurt am Main,2020,0.3789274883510209
Frankfurt am Main,2021,0.4165120326327145
Frankfurt am Main,2022,0.4702642493383317
Frankfurt am Main,2023,0.40310938241363947
Frankfurt am Main,2024,0.38989490122408377
Frankfurt am Main,1983,0.40360176779647416
Frankfurt am Main,1984,0.3823008748675323
Frankfurt am Main,1985,0.3474574562093977
Frankfurt am Main,1986,0.36270435439480964
Frankfurt am Main,1987,0.34902149024928275
Frankfurt am Main,1988,0.35988032573975287
Frankfurt am Main,1989,0.40355817291353524
Frankfurt am Main,1990,0.4914582561479383
Frankfurt am Main,1991,0.5618931293245644
Frankfurt am Main,1992,0.5568487641094424
Frankfurt am Main,1993,0.4698911347916896
Frankfurt am Main,1994,0.5176449696436018
Frankfurt am Main,1995,0.4984453031895237
Frankfurt am Main,1996,0.4779022993965657
Frankfurt am Main,1997,0.4635234966104161
Frankfurt am Main,1998,0.4261053148990523
Frankfurt am Main,1999,0.4152698904574945
Frankfurt am Main,2000,0.44499453720441684
Frankfurt am Main,2001,0.4129723170789119
Frankfurt am Main,2002,0.39252927710639596
Frankfurt am Main,2003,0.3835670392321218
Frankfurt am Main,2004,0.3485453840402342
Frankfurt am Main,2005,0.34358745490996634
Frankfurt am Main,2006,0.35891411470681206
Frankfurt am Main,2007,0.378666619598248
Frankfurt am Main,2008,0.3872712848404689
Frankfurt am Main,2009,0.4019779702266442
Frankfurt am Main,2010,0.3974802016232299
Frankfurt am Main,2011,0.43570980904849593
Frankfurt am Main,2012,0.4402048995716672
Frankfurt am Main,2013,0.4520927897945548
Frankfurt am Main,2014,0.4607903230906858
Frankfurt am Main,2015,0.4811442323366562
Frankfurt am Main,2016,0.474131980044325
Frankfurt am Main,2017,0.5151671587594818
Frankfurt am Main,2018,0.48583215596312207
Frankfurt am Main,2019,0.4684357983963313
Frankfurt am Main,2020,0.4736593604387761
Frankfurt am Main,2021,0.5206400407908931
Frankfurt am Main,2022,0.5878303116729144
Frankfurt am Main,2023,0.5038867280170493
Frankfurt am Main,2024,0.4873686265301047
Frankfurt am Main,1983,0.23371860796003685
Frankfurt am Main,1984,0.22138363958059076
Frankfurt am Main,1985,0.20120643532846622
Frankfurt am Main,1986,0.2100356429879328
Frankfurt am Main,1987,0.20211213963347904
Frankfurt am Main,1988,0.20840029820314004
Frankfurt am Main,1989,0.23369336293841506
Frankfurt am Main,1990,0.2845947383344609
Frankfurt am Main,1991,0.32538232110586274
Frankfurt am Main,1992,0.3224612188952429
Frankfurt am Main,1993,0.26669056495426363
Frankfurt am Main,1994,0.28782829212800626
Frankfurt am Main,1995,0.2714085257048553
Frankfurt am Main,1996,0.26538579952417035
Frankfurt am Main,1997,0.2624088527085923
Frankfurt am Main,1998,0.24582930298908573
Frankfurt am Main,1999,0.2440645955705549
Frankfurt am Main,2000,0.26538061657300116
Frankfurt am Main,2001,0.24985290822859021
Frankfurt am Main,2002,0.24087727623683644
Frankfurt am Main,2003,0.23620635471261525
Frankfurt am Main,2004,0.21539261346232771
Frankfurt am Main,2005,0.2130711413867087
Frankfurt am Main,2006,0.22335128873468416
Frankfurt am Main,2007,0.2413161117487376
Frankfurt am Main,2008,0.25260148108246816
Frankfurt am Main,2009,0.26821618544403614
Frankfurt am Main,2010,0.26326834690700884
Frankfurt am Main,2011,0.28645549067043496
Frankfurt am Main,2012,0.2872547720115668
Frankfurt am Main,2013,0.2816230207040107
Frankfurt am Main,2014,0.2970763153791411
Frankfurt am Main,2015,0.3006864313978705
Frankfurt am Main,2016,0.30477806095706955
Frankfurt am Main,2017,0.32070301138452784
Frankfurt am Main,2018,0.3108017870105693
Frankfurt am Main,2019,0.3043866265549816
Frankfurt am Main,2020,0.2988042159529096
Frankfurt am Main,2021,0.3349435838602641
Frankfurt am Main,2022,0.3298727247167827
Frankfurt am Main,2023,0.27718637966370574
Frankfurt am Main,2024,0.273322551996328
Hamburg,1980,0.37022855156816364
Hamburg,1981,0.44294769432708087
Hamburg,1982,0.3939765283138076
Hamburg,1983,0.3664159881716146
Hamburg,1984,0.3459010258923369
Hamburg,1985,0.2877313200792515
Hamburg,1986,0.27573906558139405
Hamburg,1987,0.28338682360106754
Hamburg,1988,0.255148373682708
Hamburg,1989,0.26722610353358744
Hamburg,1990,0.3143089443467039
Hamburg,1991,0.2947676459494824
Hamburg,1992,0.33631133230660937
Hamburg,1993,0.27865869186603526
Hamburg,1994,0.3085336155280078
Hamburg,1995,0.31690020929366947
Hamburg,1996,0.2791933788847442
Hamburg,1997,0.27788260969930323
Hamburg,1998,0.2652068048701603
Hamburg,1999,0.2662967406075853
Hamburg,2000,0.2924280149503383
Hamburg,2001,0.2762350805534128
Hamburg,2002,0.3034308236084351
Hamburg,2003,0.2668097660695325
Hamburg,2004,0.27615678456247783
Hamburg,2005,0.2597368069930149
Hamburg,2006,0.28933888952022974
Hamburg,2007,0.27262731605332097
Hamburg,2008,0.27995377442123515
Hamburg,2009,0.29639247994569423
Hamburg,2010,0.3028651834721075
Hamburg,2011,0.3223090969260852
Hamburg,2012,0.31211836858569836
Hamburg,2013,0.3130406581709347
Hamburg,2014,0.3352053232938234
Hamburg,2015,0.3301745384584962
Hamburg,2016,0.3124788382448703
Hamburg,2017,0.3383651983440318
Hamburg,2018,0.33885496647660185
Hamburg,2019,0.324064461315718
Hamburg,2020,0.3510055637928334
Hamburg,2021,0.3804604218472846
Hamburg,2022,0.4603273679947938
Hamburg,2023,0.41959535303938883
Hamburg,2024,0.39367654230189814
Hamburg,1980,0.46278568946020454
Hamburg,1981,0.553684617908851
Hamburg,1982,0.4924706603922595
Hamburg,1983,0.4580199852145181
Hamburg,1984,0.432376282365421
Hamburg,1985,0.35966415009906433
Hamburg,1986,0.3446738319767426
Hamburg,1987,0.3542335295013344
Hamburg,1988,0.31893546710338505
Hamburg,1989,0.3340326294169842
Hamburg,1990,0.39288618043337986
Hamburg,1991,0.368459557436853
Hamburg,1992,0.42038916538326176
Hamburg,1993,0.348323364832544
Hamburg,1994,0.3856670194100097
Hamburg,1995,0.3961252616170869
Hamburg,1996,0.34899172360593034
Hamburg,1997,0.347353262124129
Hamburg,1998,0.3315085060877003
Hamburg,1999,0.3328709257594815
Hamburg,2000,0.3655350186879229
Hamburg,2001,0.345293850691766
Hamburg,2002,0.3792885295105438
Hamburg,2003,0.3335122075869155
Hamburg,2004,0.3451959807030974
Hamburg,2005,0.3246710087412686
Hamburg,2006,0.36167361190028724
Hamburg,2007,0.34078414506665117
Hamburg,2008,0.34994221802654396
Hamburg,2009,0.37049059993211764
Hamburg,2010,0.3785814793401345
Hamburg,2011,0.40288637115760656
Hamburg,2012,0.3901479607321228
Hamburg,2013,0.3913008227136683
Hamburg,2014,0.41900665411727916
Hamburg,2015,0.41271817307312025
Hamburg,2016,0.3905985478060879
Hamburg,2017,0.42295649793003975
Hamburg,2018,0.42356870809575226
Hamburg,2019,0.4050805766446474
Hamburg,2020,0.43875695474104176
Hamburg,2021,0.47557552730910563
Hamburg,2022,0.5754092099934922
Hamburg,2023,0.5244941912992361
Hamburg,2024,0.4920956778773727
Hamburg,1980,0.25380966020902074
Hamburg,1981,0.30366216573879456
Hamburg,1982,0.2700900520992012
Hamburg,1983,0.25119596276157974
Hamburg,1984,0.2371319593689465
Hamburg,1985,0.19725379977173987
Hamburg,1986,0.18903252665180081
Hamburg,1987,0.19427543635207217
Hamburg,1988,0.17491660692562608
Hamburg,1989,0.1831964775530098
Hamburg,1990,0.21547405252078572
Hamburg,1991,0.2020775430262209
Hamburg,1992,0.2305577584862952
Hamburg,1993,0.1872323992432605
Hamburg,1994,0.20309628514639214
Hamburg,1995,0.2042803120025756
Hamburg,1996,0.1835446304005176
Hamburg,1997,0.18623705946449973
Hamburg,1998,0.18113374666302412
Hamburg,1999,0.18528412059203936
Hamburg,2000,0.20645789923621213
Hamburg,2001,0.19785193777660495
Hamburg,2002,0.2204354720592258
Hamburg,2003,0.19451362510451806
Hamburg,2004,0.20203434136689272
Hamburg,2005,0.1906860136458225
Hamburg,2006,0.21315854335132048
Hamburg,2007,0.20568218298944277
Hamburg,2008,0.2161747333654389
Hamburg,2009,0.23412506874862374
Hamburg,2010,0.23748189432249622
Hamburg,2011,0.25085940375426624
Hamburg,2012,0.2411180467689234
Hamburg,2013,0.24208462471847642
Hamburg,2014,0.2582983833423563
Hamburg,2015,0.25393954523262685
Hamburg,2016,0.24429740387958493
Hamburg,2017,0.26249131531351205
Hamburg,2018,0.26450434177268417
Hamburg,2019,0.2714524727682639
Hamburg,2020,0.2789210812821816
Hamburg,2021,0.2925582163004888
Hamburg,2022,0.3196595016923429
Hamburg,2023,0.2856248752893895
Hamburg,2024,0.2732019703374033
Hamm,1986,0.1769392189560534
Hamm,1987,0.1413315430855419
Hamm,1988,0.15319724385695457
Hamm,1989,0.16401492435200363
Hamm,1990,0.20879242920668656
Hamm,1991,0.2285998527730272
Hamm,1992,0.22599319696088646
Hamm,1993,0.2302094404829075
Hamm,1994,0.25620448169236376
Hamm,1995,0.25363876627331844
Hamm,1996,0.24712345125878504
Hamm,1997,0.22584698000058903
Hamm,1998,0.20940661981645806
Hamm,1999,0.20345123809824678
Hamm,2000,0.19671607682729653
Hamm,2001,0.18746544351209138
Hamm,2002,0.17815690760310052
Hamm,2003,0.1651987287081881
Hamm,2004,0.1629722212396549
Hamm,2005,0.15161949101581798
Hamm,2006,0.1487686264156979
Hamm,2007,0.157396626195754
Hamm,2008,0.1420759444574347
Hamm,2009,0.14139025038277925
Hamm,2010,0.13155789061449383
Hamm,2011,0.12581318541463876
Hamm,2012,0.12910179251363574
Hamm,2013,0.13473738155478196
Hamm,2014,0.14091003095747334
Hamm,2015,0.12959153759546752
Hamm,2016,0.1461060578582799
Hamm,2017,0.14061483106469805
Hamm,2018,0.13264284240718793
Hamm,2019,0.14498203587311
Hamm,2020,0.1441857075899672
Hamm,2021,0.15546262295881283
Hamm,2022,0.17912300143732257
Hamm,2023,0.16904221972587738
Hamm,2024,0.17237455625573544
Hamm,1986,0.2211740236950668
Hamm,1987,0.17666442885692737
Hamm,1988,0.19149655482119324
Hamm,1989,0.20501865544000453
Hamm,1990,0.2609905365083582
Hamm,1991,0.28574981596628396
Hamm,1992,0.2824914962011081
Hamm,1993,0.28776180060363443
Hamm,1994,0.3202556021154547
Hamm,1995,0.3170484578416481
Hamm,1996,0.30890431407348123
Hamm,1997,0.2823087250007362
Hamm,1998,0.2617582747705726
Hamm,1999,0.25431404762280846
Hamm,2000,0.24589509603412069
Hamm,2001,0.23433180439011422
Hamm,2002,0.22269613450387568
Hamm,2003,0.20649841088523516
Hamm,2004,0.20371527654956864
Hamm,2005,0.1895243637697725
Hamm,2006,0.18596078301962238
Hamm,2007,0.1967457827446925
Hamm,2008,0.1775949305717934
Hamm,2009,0.1767378129784741
Hamm,2010,0.16444736326811726
Hamm,2011,0.1572664817682985
Hamm,2012,0.16137724064204467
Hamm,2013,0.16842172694347746
Hamm,2014,0.17613753869684168
Hamm,2015,0.16198942199433436
Hamm,2016,0.18263257232284993
Hamm,2017,0.17576853883087254
Hamm,2018,0.16580355300898492
Hamm,2019,0.18122754484138748
Hamm,2020,0.180232134487459
Hamm,2021,0.194328278698516
Hamm,2022,0.22390375179665317
Hamm,2023,0.2113027746573467
Hamm,2024,0.2154681953196694
Hamm,1986,0.12383012067403414
Hamm,1987,0.09891024804216453
Hamm,1988,0.10721440563410546
Hamm,1989,0.11478511092498717
Hamm,1990,0.14612244734114205
Hamm,1991,0.1599845840959723
Hamm,1992,0.15816032768929503
Hamm,1993,0.1579048568655349
Hamm,1994,0.17216710002397687
Hamm,1995,0.16691046578192462
Hamm,1996,0.16584961975538196
Hamm,1997,0.15451938649931238
Hamm,1998,0.14600544900354856
Hamm,1999,0.14450957951826296
Hamm,2000,0.14178044425836145
Hamm,2001,0.13707133773295585
Hamm,2002,0.1321260349012647
Hamm,2003,0.12294728905008315
Hamm,2004,0.1217158157752554
Hamm,2005,0.11363296201335515
Hamm,2006,0.11188483794659422
Hamm,2007,0.12122345968025466
Hamm,2008,0.11199615349351533
Hamm,2009,0.11401556703116449
Hamm,2010,0.10530815537880737
Hamm,2011,0.09996499098363197
Hamm,2012,0.10181379168484311
Hamm,2013,0.11698980343023989
Hamm,2014,0.11114296712347008
Hamm,2015,0.11256571374422117
Hamm,2016,0.12449771026821242
Hamm,2017,0.12592304560257844
Hamm,2018,0.11696090100112203
Hamm,2019,0.12000658213225662
Hamm,2020,0.11937851258137964
Hamm,2021,0.11210704790656821
Hamm,2022,0.12906992432072584
Hamm,2023,0.11940250009034598
Hamm,2024,0.12412816241222403
Karlsruhe,1994,0.3011431626417106
Karlsruhe,1995,0.31563138626899556
Karlsruhe,1996,0.3066212877310329
Karlsruhe,1997,0.29740055153174827
Karlsruhe,1998,0.262082537557783
Karlsruhe,1999,0.25782384033715117
Karlsruhe,2000,0.2721154235820901
Karlsruhe,2001,0.24498892132240876
Karlsruhe,2002,0.24613726805352593
Karlsruhe,2003,0.2242097320836705
Karlsruhe,2004,0.22337796053001985
Karlsruhe,2005,0.20474915715007938
Karlsruhe,2006,0.2132112537155643
Karlsruhe,2007,0.21126218427701912
Karlsruhe,2008,0.20580764861164358
Karlsruhe,2009,0.19764224682763568
Karlsruhe,2010,0.20699144284388893
Karlsruhe,2011,0.20965473783014196
Karlsruhe,2012,0.21556964565479272
Karlsruhe,2013,0.21790365943504394
Karlsruhe,2014,0.22855485833900868
Karlsruhe,2015,0.223044538478052
Karlsruhe,2016,0.21579436010638114
Karlsruhe,2017,0.2258855880271088
Karlsruhe,2018,0.23297652205008504
Karlsruhe,2019,0.24460498860722515
Karlsruhe,2020,0.2569695635470263
Karlsruhe,2021,0.2644201257149654
Karlsruhe,2022,0.2818046781506833
Karlsruhe,2023,0.2718835563078166
Karlsruhe,2024,0.26764561998802144
Karlsruhe,1994,0.37642895330213816
Karlsruhe,1995,0.3945392328362445
Karlsruhe,1996,0.3832766096637911
Karlsruhe,1997,0.3717506894146853
Karlsruhe,1998,0.3276031719472287
Karlsruhe,1999,0.322279800421439
Karlsruhe,2000,0.3401442794776126
Karlsruhe,2001,0.30623615165301094
Karlsruhe,2002,0.3076715850669073
Karlsruhe,2003,0.28026216510458807
Karlsruhe,2004,0.2792224506625249
Karlsruhe,2005,0.2559364464375992
Karlsruhe,2006,0.2665140671444554
Karlsruhe,2007,0.2640777303462739
Karlsruhe,2008,0.2572595607645545
Karlsruhe,2009,0.2470528085345446
Karlsruhe,2010,0.25873930355486113
Karlsruhe,2011,0.26206842228767746
Karlsruhe,2012,0.2694620570684909
Karlsruhe,2013,0.2723795742938049
Karlsruhe,2014,0.2856935729237609
Karlsruhe,2015,0.27880567309756493
Karlsruhe,2016,0.2697429501329764
Karlsruhe,2017,0.282356985033886
Karlsruhe,2018,0.2912206525626063
Karlsruhe,2019,0.30575623575903144
Karlsruhe,2020,0.3212119544337828
Karlsruhe,2021,0.33052515714370684
Karlsruhe,2022,0.3522558476883541
Karlsruhe,2023,0.3398544453847706
Karlsruhe,2024,0.33455702498502676
Karlsruhe,1994,0.2138660298228696
Karlsruhe,1995,0.21950957967996285
Karlsruhe,1996,0.21747441995776462
Karlsruhe,1997,0.21503829875091354
Karlsruhe,1998,0.19311770917380935
Karlsruhe,1999,0.19353732391362893
Karlsruhe,2000,0.20726930687563963
Karlsruhe,2001,0.18931160237762584
Karlsruhe,2002,0.19291609865263545
Karlsruhe,2003,0.17634862359703418
Karlsruhe,2004,0.1763108784214003
Karlsruhe,2005,0.16217233655599808
Karlsruhe,2006,0.16946318566414129
Karlsruhe,2007,0.17195641394723007
Karlsruhe,2008,0.17145471177454008
Karlsruhe,2009,0.1684340256647491
Karlsruhe,2010,0.17510673659665474
Karlsruhe,2011,0.17604829057908733
Karlsruhe,2012,0.1796665818371584
Karlsruhe,2013,0.17212943961970772
Karlsruhe,2014,0.1702877028168621
Karlsruhe,2015,0.1600602517245363
Karlsruhe,2016,0.16742846686326554
Karlsruhe,2017,0.18303746989231293
Karlsruhe,2018,0.19094622204554546
Karlsruhe,2019,0.19216481231911758
Karlsruhe,2020,0.19794188958289843
Karlsruhe,2021,0.2021530209618386
Karlsruhe,2022,0.20434716102120432
Karlsruhe,2023,0.19326263111848221
Karlsruhe,2024,0.19395635683587276
Köln,1981,0.3696916898202425
Köln,1982,0.3012320929067394
Köln,1983,0.3051417410554266
Köln,1984,0.2936978525381973
Köln,1985,0.23712448285726956
Köln,1986,0.22427173564396147
Köln,1987,0.20518363154234773
Köln,1988,0.20852680689182132
Köln,1989,0.2591025711553258
Köln,1990,0.31166726693970037
Köln,1991,0.30567415789920993
Köln,1992,0.28877408553209555
Köln,1993,0.31860194250464513
Köln,1994,0.34805933076410767
Köln,1995,0.2847632481036218
Köln,1996,0.2662792438437287
Köln,1997,0.2668864538246303
Köln,1998,0.2618049143575061
Köln,1999,0.25639453752774727
Köln,2000,0.26388602617569323
Köln,2001,0.25275832092375816
Köln,2002,0.24927591944226163
Köln,2003,0.22483023486617737
Köln,2004,0.24064690975322242
Köln,2005,0.2267336301711056
Köln,2006,0.23709521686508628
Köln,2007,0.2447689303777433
Köln,2008,0.21613589722194215
Köln,2009,0.23789777138652418
Köln,2010,0.23302373729941872
Köln,2011,0.23382926341014248
Köln,2012,0.22246856301472553
Köln,2013,0.2349868524902832
Köln,2014,0.24400683252822605
Köln,2015,0.24177594365507651
Köln,2016,0.25924436125744177
Köln,2017,0.2449261363933194
Köln,2018,0.24182740381094583
Köln,2019,0.2418306561706313
Köln,2020,0.2541025074906562
Köln,2021,0.29364389009835085
Köln,2022,0.3244118317435841
Köln,2023,0.3076625573161538
Köln,2024,0.304907516984051
Köln,1981,0.4621146122753031
Köln,1982,0.3765401161334242
Köln,1983,0.3814271763192832
Köln,1984,0.36712231567274656
Köln,1985,0.29640560357158696
Köln,1986,0.2803396695549518
Köln,1987,0.25647953942793467
Köln,1988,0.26065850861477663
Köln,1989,0.32387821394415717
Köln,1990,0.38958408367462544
Köln,1991,0.3820926973740124
Köln,1992,0.3609676069151195
Köln,1993,0.39825242813080636
Köln,1994,0.4350741634551346
Köln,1995,0.35595406012952724
Köln,1996,0.33284905480466087
Köln,1997,0.3336080672807878
Köln,1998,0.32725614294688266
Köln,1999,0.32049317190968407
Köln,2000,0.3298575327196165
Köln,2001,0.3159479011546976
Köln,2002,0.311594899302827
Köln,2003,0.2810377935827217
Köln,2004,0.30080863719152806
Köln,2005,0.283417037713882
Köln,2006,0.2963690210813578
Köln,2007,0.30596116297217923
Köln,2008,0.2701698715274277
Köln,2009,0.29737221423315513
Köln,2010,0.29127967162427343
Köln,2011,0.29228657926267815
Köln,2012,0.2780857037684069
Köln,2013,0.293733565612854
Köln,2014,0.30500854066028255
Köln,2015,0.3022199295688456
Köln,2016,0.32405545157180216
Köln,2017,0.3061576704916492
Köln,2018,0.3022842547636823
Köln,2019,0.30228832021328905
Köln,2020,0.31762813436332027
Köln,2021,0.3670548626229386
Köln,2022,0.40551478967948024
Köln,2023,0.3845781966451922
Köln,2024,0.3811343962300636
Leipzig,2014,0.2816826083865969
Leipzig,2015,0.29682896642030304
Leipzig,2016,0.27020469000491165
Leipzig,2017,0.2574462882810097
Leipzig,2018,0.21729563161570417
Leipzig,2019,0.22815212222091236
Leipzig,2020,0.22383251636148954
Leipzig,2021,0.26384665383065536
Leipzig,2022,0.32197799560270485
Leipzig,2023,0.3245200083530979
Leipzig,2024,0.29915614884197345
Leipzig,2014,0.3521032604832462
Leipzig,2015,0.37103620802537873
Leipzig,2016,0.33775586250613954
Leipzig,2017,0.32180786035126213
Leipzig,2018,0.27161953951963025
Leipzig,2019,0.28519015277614046
Leipzig,2020,0.2797906454518619
Leipzig,2021,0.3298083172883192
Leipzig,2022,0.40247249450338096
Leipzig,2023,0.4056500104413723
Leipzig,2024,0.3739451860524668
Leipzig,2014,0.2593223541361035
Leipzig,2015,0.27468242244421553
Leipzig,2016,0.24778188404683696
Leipzig,2017,0.2364805113993983
Leipzig,2018,0.20080878894633852
Leipzig,2019,0.21716568990317536
Leipzig,2020,0.21919815456260058
Leipzig,2021,0.24613986415486014
Leipzig,2022,0.2718565065253861
Leipzig,2023,0.268596007911564
Leipzig,2024,0.25242649693023467
Lübeck,1993,0.2682303207526812
Lübeck,1994,0.25888301938294195
Lübeck,1995,0.2818188256777948
Lübeck,1996,0.2601779767940459
Lübeck,1997,0.23605101894627759
Lübeck,1998,0.21798290448476526
Lübeck,1999,0.21931350325035173
Lübeck,2000,0.25594148681930246
Lübeck,2001,0.20461978706842288
Lübeck,2002,0.2197725519467495
Lübeck,2003,0.209790160719513
Lübeck,2004,0.18190677409596576
Lübeck,2005,0.16804197131788834
Lübeck,2006,0.18392100619387183
Lübeck,2007,0.1983078689964514
Lübeck,2008,0.16865972430174325
Lübeck,2009,0.16972772895316968
Lübeck,2010,0.1948466482594656
Lübeck,2011,0.21460203293520963
Lübeck,2012,0.2044448500396425
Lübeck,2013,0.17797871151385214
Lübeck,2014,0.1785294331939994
Lübeck,2015,0.19010498237411555
Lübeck,2016,0.23534381506756075
Lübeck,2017,0.2886192883757492
Lübeck,2018,0.2789086539224584
Lübeck,2019,0.28464637072108867
Lübeck,2020,0.26514382711276063
Lübeck,2021,0.31609394608599134
Lübeck,2022,0.3864147160922711
Lübeck,2023,0.32227960399754385
Lübeck,2024,0.3074847584878186
Lübeck,1993,0.33528790094085154
Lübeck,1994,0.3236037742286775
Lübeck,1995,0.35227353209724366
Lübeck,1996,0.3252224709925575
Lübeck,1997,0.2950637736828469
Lübeck,1998,0.2724786306059565
Lübeck,1999,0.2741418790629397
Lübeck,2000,0.31992685852412805
Lübeck,2001,0.2557747338355286
Lübeck,2002,0.2747156899334368
Lübeck,2003,0.26223770089939125
Lübeck,2004,0.2273834676199572
Lübeck,2005,0.2100524641473604
Lübeck,2006,0.2299012577423398
Lübeck,2007,0.2478848362455642
Lübeck,2008,0.21082465537717904
Lübeck,2009,0.21215966119146207
Lübeck,2010,0.24355831032433206
Lübeck,2011,0.268252541169012
Lübeck,2012,0.2555560625495531
Lübeck,2013,0.22247338939231517
Lübeck,2014,0.22316179149249918
Lübeck,2015,0.2376312279676444
Lübeck,2016,0.29417976883445085
Lübeck,2017,0.3607741104696865
Lübeck,2018,0.34863581740307287
Lübeck,2019,0.35580796340136095
Lübeck,2020,0.3314297838909507
Lübeck,2021,0.39511743260748927
Lübeck,2022,0.4830183951153389
Lübeck,2023,0.40284950499692973
Lübeck,2024,0.3843559481097733
Lübeck,1993,0.20595874214203327
Lübeck,1994,0.19474531108235685
Lübeck,1995,0.20760506301165146
Lübeck,1996,0.19546592299686896
Lübeck,1997,0.1807900687282089
Lübeck,1998,0.17013791073143725
Lübeck,1999,0.17438200845132246
Lübeck,2000,0.2064986276072857
Lübeck,2001,0.16748389752254986
Lübeck,2002,0.18245643722275515
Lübeck,2003,0.1747822697078571
Lübeck,2004,0.15208357204985581
Lübeck,2005,0.1409831024877292
Lübeck,2006,0.15484287310458053
Lübeck,2007,0.1709744463130898
Lübeck,2008,0.1488311865899936
Lübeck,2009,0.1532136613041905
Lübeck,2010,0.17459751026669754
Lübeck,2011,0.19087788205865383
Lübeck,2012,0.18048890793112085
Lübeck,2013,0.16260192286292313
Lübeck,2014,0.1562007325261734
Lübeck,2015,0.16649839538450822
Lübeck,2016,0.20415279838629993
Lübeck,2017,0.24706211811763812
Lübeck,2018,0.2545721751503003
Lübeck,2019,0.26791456145814335
Lübeck,2020,0.2403304306374677
Lübeck,2021,0.2924186635602881
Lübeck,2022,0.31150423893441376
Lübeck,2023,0.2546757890771671
Lübeck,2024,0.24771788539053596
München,1980,0.24219158853695968
München,1981,0.28008005415545434
München,1982,0.2498268680289846
München,1983,0.24209229571402224
München,1984,0.22134592714454418
München,1985,0.2114000378244878
München,1986,0.2010261996589961
München,1987,0.19792652472061978
München,1988,0.18977158395400961
München,1989,0.2170135820981443
München,1990,0.1789764541774472
München,1991,0.22267668615413838
München,1992,0.22117819809803543
München,1993,0.23006380829273676
München,1994,0.22379778530091157
München,1995,0.21532382981507403
München,1996,0.20532184223846422
München,1997,0.19564643629491285
München,1998,0.1859135015931158
München,1999,0.20478873809531703
München,2000,0.22139801186319383
München,2001,0.2191228887602386
München,2002,0.2321212616518241
München,2003,0.22562095212265432
München,2004,0.22210633287058532
München,2005,0.21259774569018608
München,2006,0.19170023237504658
München,2007,0.1980532790284765
München,2008,0.20476357287061112
München,2009,0.21106444665499352
München,2010,0.22506618940782153
München,2011,0.23645731256644692
München,2012,0.24495201834008243
München,2013,0.2524347360043596
München,2014,0.24308048473107116
München,2015,0.26497679216408526
München,2016,0.2505134157444534
München,2017,0.259985111477979
München,2018,0.2645077896176669
München,2019,0.27483404234441533
München,2020,0.27714957013450464
München,2021,0.2908358674516075
München,2022,0.29195555777201504
München,2023,0.26206219574616063
München,2024,0.24783978214655328
München,1980,0.37964610375887714
München,1981,0.4390379614049513
München,1982,0.39161474448569983
München,1983,0.3794904578357999
München,1984,0.3469696009302099
München,1985,0.3313789763689436
München,1986,0.3151175229289409
München,1987,0.31025864438413936
München,1988,0.29747541146044315
München,1989,0.3401784570802501
München,1990,0.28055356465312536
München,1991,0.35138654732841057
München,1992,0.35136828057377834
München,1993,0.36795781149118073
München,1994,0.3653544692232745
München,1995,0.3589601519364347
München,1996,0.3356268634990019
München,1997,0.3137078134641128
München,1998,0.29251918499288054
München,1999,0.3162946538064003
München,2000,0.33699178963971654
München,2001,0.328764108267581
München,2002,0.3433612393051437
München,2003,0.33257473448873015
München,2004,0.32624930408661873
München,2005,0.31119416398218774
München,2006,0.2796306917068026
München,2007,0.2821063508997955
München,2008,0.28496546116054033
München,2009,0.28713919419062206
München,2010,0.3084517478385308
München,2011,0.3264773510852564
München,2012,0.34074442953137335
München,2013,0.36054276933852314
München,2014,0.3337243346061009
München,2015,0.39415711757023947
München,2016,0.34795851145971
München,2017,0.364403098929942
München,2018,0.36897554505040975
München,2019,0.3464083775585917
München,2020,0.363410883672162
München,2021,0.37425268112207727
München,2022,0.43311006449762046
München,2023,0.3965896431834976
München,2024,0.3678994004764074
München,1980,0.4745576296985965
München,1981,0.5487974517561891
München,1982,0.4895184306071247
München,1983,0.4743630722947499
München,1984,0.4337120011627624
München,1985,0.4142237204611795
München,1986,0.3938969036611761
München,1987,0.3878233054801743
München,1988,0.3718442643255539
München,1989,0.42522307135031245
München,1990,0.3506919558164067
München,1991,0.43923318416051316
München,1992,0.43921035071722286
München,1993,0.4599472643639759
München,1994,0.45669308652909313
München,1995,0.4487001899205434
München,1996,0.41953357937375235
München,1997,0.392134766830141
München,1998,0.3656489812411007
München,1999,0.3953683172580005
München,2000,0.4212397370496456
München,2001,0.41095513533447625
München,2002,0.4292015491314296
München,2003,0.4157184181109127
München,2004,0.4078116301082735
München,2005,0.38899270497773464
München,2006,0.3495383646335033
München,2007,0.3526329386247443
München,2008,0.3562068264506753
München,2009,0.3589239927382776
München,2010,0.38556468479816336
München,2011,0.40809668885657047
München,2012,0.42593053691421673
München,2013,0.4506784616731539
München,2014,0.41715541825762614
München,2015,0.49269639696279943
München,2016,0.4349481393246375
München,2017,0.4555038736624274
München,2018,0.46121943131301213
München,2019,0.4330104719482396
München,2020,0.45426360459020254
München,2021,0.4678158514025965
München,2022,0.5413875806220256
München,2023,0.4957370539793719
München,2024,0.4598742505955091
Münster,1986,0.216507633156367
Münster,1987,0.1735191733040346
Münster,1988,0.20493987060373667
Münster,1989,0.21708586970240243
Münster,1990,0.23351851872303386
Münster,1991,0.27317735512172636
Münster,1992,0.2293510727957201
Münster,1993,0.24282978389516616
Münster,1994,0.2518396696202053
Münster,1995,0.2544855036672527
Münster,1996,0.24548832394354786
Münster,1997,0.2529323318801751
Münster,1998,0.24306352581609691
Münster,1999,0.23065050339124302
Münster,2000,0.25343237691099374
Münster,2001,0.23766123913983114
Münster,2002,0.22675337129371612
Münster,2003,0.199537755543803
Münster,2004,0.19782427013910436
Münster,2005,0.17683717255791687
Münster,2006,0.1810824298457269
Münster,2007,0.17493059285315765
Münster,2008,0.178820485868316
Münster,2009,0.18727545625406683
Münster,2010,0.17831514305691168
Münster,2011,0.2005074454897934
Münster,2012,0.1983653776045146
Münster,2013,0.20168334822968145
Münster,2014,0.21726515759128723
Münster,2015,0.21794493183998256
Münster,2016,0.2169048905205766
Münster,2017,0.21257097390525062
Münster,2018,0.20296169644117415
Münster,2019,0.21633081022481285
Münster,2020,0.2238777478089108
Münster,2021,0.23279940870730556
Münster,2022,0.2718223478838253
Münster,2023,0.23735189382589333
Münster,2024,0.24183242965220086
Münster,1986,0.27063454144545873
Münster,1987,0.21689896663004324
Münster,1988,0.2561748382546708
Münster,1989,0.27135733712800314
Münster,1990,0.29189814840379236
Münster,1991,0.34147169390215804
Münster,1992,0.2866888409946501
Münster,1993,0.30353722986895765
Münster,1994,0.3147995870252566
Münster,1995,0.31810687958406586
Münster,1996,0.3068604049294348
Münster,1997,0.31616541485021893
Münster,1998,0.3038294072701211
Münster,1999,0.28831312923905383
Münster,2000,0.31679047113874215
Münster,2001,0.29707654892478896
Münster,2002,0.28344171411714514
Münster,2003,0.2494221944297537
Münster,2004,0.2472803376738804
Münster,2005,0.22104646569739608
Münster,2006,0.22635303730715864
Münster,2007,0.21866324106644705
Münster,2008,0.223525607335395
Münster,2009,0.23409432031758348
Münster,2010,0.22289392882113962
Münster,2011,0.25063430686224186
Münster,2012,0.2479567220056432
Münster,2013,0.2521041852871018
Münster,2014,0.2715814469891091
Münster,2015,0.27243116479997814
Münster,2016,0.2711311131507207
Münster,2017,0.2657137173815632
Münster,2018,0.2537021205514677
Münster,2019,0.270413512781016
Münster,2020,0.27984718476113846
Münster,2021,0.29099926088413197
Münster,2022,0.3397779348547816
Münster,2023,0.2966898672823667
Münster,2024,0.302290537065251
Münster,1986,0.14799727442763208
Münster,1987,0.11861182137345747
Münster,1988,0.14008994430694824
Münster,1989,0.14839253731762866
Münster,1990,0.15962533881854804
Münster,1991,0.18673477421540002
Münster,1992,0.15677661413584118
Münster,1993,0.16268691622762327
Münster,1994,0.16529735242000596
Münster,1995,0.1635721267050095
Münster,1996,0.160919870743575
Münster,1997,0.16902515786484826
Münster,1998,0.16553001929666372
Münster,1999,0.16001806769415583
Münster,2000,0.17840905374939106
Münster,2001,0.16973136326364377
Münster,2002,0.16425469937955484
Münster,2003,0.14504930552133005
Münster,2004,0.144308301855512
Münster,2005,0.12944973629120446
Münster,2006,0.1330192552960516
Münster,2007,0.13159377275019393
Münster,2008,0.13768230897095896
Münster,2009,0.14750402335929136
Münster,2010,0.1394156876384927
Münster,2011,0.1556075237476314
Münster,2012,0.15279830169596223
Münster,2013,0.1533536127143112
Münster,2014,0.16092083709209992
Münster,2015,0.15992974439285187
Münster,2016,0.18114060789604175
Münster,2017,0.15868094506934285
Münster,2018,0.15386393826051847
Münster,2019,0.1723056176991602
Münster,2020,0.18359828187311358
Münster,2021,0.18346761432186784
Münster,2022,0.19573539271350454
Münster,2023,0.16754112959811812
Münster,2024,0.17402923402572967
Potsdam,1995,0.5066919521248742
Potsdam,1996,0.45529260937484783
Potsdam,1997,0.4354785163028439
Potsdam,1998,0.3741308286189547
Potsdam,1999,0.2981600564683303
Potsdam,2000,0.30695368673183465
Potsdam,2001,0.2615722105806286
Potsdam,2002,0.29879503868285145
Potsdam,2003,0.2841531611684595
Potsdam,2004,0.2753138141080659
Potsdam,2005,0.2741591043633898
Potsdam,2006,0.21062986269502088
Potsdam,2007,0.34722726912279633
Potsdam,2008,0.33269462959210455
Potsdam,2009,0.3430065367876673
Potsdam,2010,0.3071260143126066
Potsdam,2011,0.27482981151282143
Potsdam,2012,0.27370201981615155
Potsdam,2013,0.3130278380168208
Potsdam,2014,0.2859603668318925
Potsdam,2015,0.3297581035858046
Potsdam,2016,0.26310076760004075
Potsdam,2017,0.25434620306896377
Potsdam,2018,0.26482063453758
Potsdam,2019,0.28644077359687714
Potsdam,2020,0.29751785660679025
Potsdam,2021,0.4078268511669594
Potsdam,2022,0.4546453863891069
Potsdam,2023,0.39179007445683905
Potsdam,2024,0.35501579774682396
Potsdam,1995,0.6333649401560927
Potsdam,1996,0.5691157617185598
Potsdam,1997,0.544348145378555
Potsdam,1998,0.46766353577369335
Potsdam,1999,0.3727000705854129
Potsdam,2000,0.3836921084147933
Potsdam,2001,0.32696526322578573
Potsdam,2002,0.3734937983535643
Potsdam,2003,0.3551914514605744
Potsdam,2004,0.3441422676350823
Potsdam,2005,0.34269888045423724
Potsdam,2006,0.26328732836877605
Potsdam,2007,0.43403408640349556
Potsdam,2008,0.41586828699013073
Potsdam,2009,0.42875817098458396
Potsdam,2010,0.3839075178907583
Potsdam,2011,0.3435372643910269
Potsdam,2012,0.34212752477018943
Potsdam,2013,0.391284797521026
Potsdam,2014,0.3574504585398655
Potsdam,2015,0.41219762948225563
Potsdam,2016,0.32887595950005094
Potsdam,2017,0.31793275383620456
Potsdam,2018,0.331025793171975
Potsdam,2019,0.3580509669960964
Potsdam,2020,0.3718973207584878
Potsdam,2021,0.5097835639586992
Potsdam,2022,0.5683067329863836
Potsdam,2023,0.4897375930710488
Potsdam,2024,0.44376974718353
Potsdam,1995,0.3391896088988856
Potsdam,1996,0.31082913219524416
Potsdam,1997,0.3030860989476572
Potsdam,1998,0.2653583445585766
Potsdam,1999,0.2154350481062601
Potsdam,2000,0.2250504719286103
Potsdam,2001,0.19455734272205663
Potsdam,2002,0.2254185822672412
Potsdam,2003,0.21512720951186856
Potsdam,2004,0.20916645124810673
Potsdam,2005,0.20901745784591802
Potsdam,2006,0.16114262144110753
Potsdam,2007,0.27204182266128973
Potsdam,2008,0.26678348508377503
Potsdam,2009,0.28136992853035786
Potsdam,2010,0.2500876834126091
Potsdam,2011,0.22213459925623533
Potsdam,2012,0.21957502319170563
Potsdam,2013,0.24167268153736837
Potsdam,2014,0.22919478655495037
Potsdam,2015,0.2577816551688085
Potsdam,2016,0.22847389767056808
Potsdam,2017,0.2209240736524693
Potsdam,2018,0.21636286976799726
Potsdam,2019,0.23527211558555514
Potsdam,2020,0.2351609583859197
Potsdam,2021,0.31525407937991157
Potsdam,2022,0.28589600776025564
Potsdam,2023,0.24150897117157114
Potsdam,2024,0.22310353366125465
Stuttgart,1988,0.23006390533293422
Stuttgart,1989,0.24255098598000074
Stuttgart,1990,0.29768550125536153
Stuttgart,1991,0.331906527873949
Stuttgart,1992,0.30799206180535954
Stuttgart,1993,0.2942025101402427
Stuttgart,1994,0.2985117931896927
Stuttgart,1995,0.30268458134638015
Stuttgart,1996,0.27675847291350947
Stuttgart,1997,0.26360136133445383
Stuttgart,1998,0.2483887960213459
Stuttgart,1999,0.2353153993772776
Stuttgart,2000,0.2524526471680171
Stuttgart,2001,0.22923242596507634
Stuttgart,2002,0.24070423946412192
Stuttgart,2003,0.21840436276905148
Stuttgart,2004,0.2064988829899149
Stuttgart,2005,0.21225337855546456
Stuttgart,2006,0.21523090888848326
Stuttgart,2007,0.22351428312125324
Stuttgart,2008,0.21104366254751092
Stuttgart,2009,0.23125158711901425
Stuttgart,2010,0.21677433619576594
Stuttgart,2011,0.21591194567440872
Stuttgart,2012,0.2174419552670312
Stuttgart,2013,0.21722196767319907
Stuttgart,2014,0.23166758401242482
Stuttgart,2015,0.2643005202296116
Stuttgart,2016,0.27502273508679836
Stuttgart,2017,0.27824995816011894
Stuttgart,2018,0.2728287816947709
Stuttgart,2019,0.2648645453556138
Stuttgart,2020,0.28231395023363903
Stuttgart,2021,0.2954819130697865
Stuttgart,2022,0.31972444899830094
Stuttgart,2023,0.2920966534243274
Stuttgart,2024,0.2686565622058796
Stuttgart,1988,0.28757988166616777
Stuttgart,1989,0.30318873247500094
Stuttgart,1990,0.37210687656920194
Stuttgart,1991,0.4148831598424363
Stuttgart,1992,0.3849900772566995
Stuttgart,1993,0.3677531376753034
Stuttgart,1994,0.37313974148711593
Stuttgart,1995,0.3783557266829752
Stuttgart,1996,0.3459480911418868
Stuttgart,1997,0.3295017016680673
Stuttgart,1998,0.3104859950266824
Stuttgart,1999,0.294144249221597
Stuttgart,2000,0.3155658089600213
Stuttgart,2001,0.28654053245634536
Stuttgart,2002,0.3008802993301524
Stuttgart,2003,0.27300545346131433
Stuttgart,2004,0.25812360373739357
Stuttgart,2005,0.2653167231943307
Stuttgart,2006,0.2690386361106041
Stuttgart,2007,0.2793928539015665
Stuttgart,2008,0.26380457818438857
Stuttgart,2009,0.2890644838987678
Stuttgart,2010,0.2709679202447074
Stuttgart,2011,0.26988993209301093
Stuttgart,2012,0.271802444083789
Stuttgart,2013,0.2715274595914989
Stuttgart,2014,0.28958448001553105
Stuttgart,2015,0.3303756502870145
Stuttgart,2016,0.3437784188584979
Stuttgart,2017,0.34781244770014863
Stuttgart,2018,0.3410359771184636
Stuttgart,2019,0.3310806816945173
Stuttgart,2020,0.3528924377920488
Stuttgart,2021,0.3693523913372332
Stuttgart,2022,0.3996555612478761
Stuttgart,2023,0.3651208167804093
Stuttgart,2024,0.33582070275734954
Stuttgart,1988,0.16404426012627296
Stuttgart,1989,0.17294802059630748
Stuttgart,1990,0.21226101388257995
Stuttgart,1991,0.2366618992986724
Stuttgart,1992,0.21960998110724878
Stuttgart,1993,0.2056028327650118
Stuttgart,1994,0.20437854185925755
Stuttgart,1995,0.20294043965576866
Stuttgart,1996,0.1892395062993754
Stuttgart,1997,0.1837497248888587
Stuttgart,1998,0.17644973935788283
Stuttgart,1999,0.1702930839260281
Stuttgart,2000,0.18538166074288923
Stuttgart,2001,0.17077010259246583
Stuttgart,2002,0.18187786056145405
Stuttgart,2003,0.16560899698685622
Stuttgart,2004,0.1571308635687314
Stuttgart,2005,0.16207434160279865
Stuttgart,2006,0.16492059190763395
Stuttgart,2007,0.1753908357426849
Stuttgart,2008,0.1694982551168717
Stuttgart,2009,0.18999394967818653
Stuttgart,2010,0.1767922936703488
Stuttgart,2011,0.1747868699418679
Stuttgart,2012,0.174714136060554
Stuttgart,2013,0.17282813965106217
Stuttgart,2014,0.18540397316946472
Stuttgart,2015,0.1970563226408437
Stuttgart,2016,0.2185920572512001
Stuttgart,2017,0.20919320885400997
Stuttgart,2018,0.20814561035070034
Stuttgart,2019,0.2207296202323839
Stuttgart,2020,0.22229990220732046
Stuttgart,2021,0.23424471502605734
Stuttgart,2022,0.23830153465292941
Stuttgart,2023,0.21341360826723793
Stuttgart,2024,0.20011143766349593
Wiesbaden,1992,0.3116493715357031
Wiesbaden,1993,0.33138874188587136
Wiesbaden,1994,0.34170469381218127
Wiesbaden,1995,0.32987602599334415
Wiesbaden,1996,0.3105129372982821
Wiesbaden,1997,0.30159956175602526
Wiesbaden,1998,0.28746069374578676
Wiesbaden,1999,0.28838573671760426
Wiesbaden,2000,0.27985588660930305
Wiesbaden,2001,0.2551678911425168
Wiesbaden,2002,0.26141649975654574
Wiesbaden,2003,0.24301754640982698
Wiesbaden,2004,0.22521648382405796
Wiesbaden,2005,0.21245855689653975
Wiesbaden,2006,0.22758640691382684
Wiesbaden,2007,0.21995639579652773
Wiesbaden,2008,0.21520748214956276
Wiesbaden,2009,0.21795120839602414
Wiesbaden,2010,0.21225367208244109
Wiesbaden,2011,0.22997596042963658
Wiesbaden,2012,0.2153820361628976
Wiesbaden,2013,0.2311010551777075
Wiesbaden,2014,0.226197489341435
Wiesbaden,2015,0.21372496934141202
Wiesbaden,2016,0.23480642519582198
Wiesbaden,2017,0.26226600513556786
Wiesbaden,2018,0.26631905552506546
Wiesbaden,2019,0.25141612366637434
Wiesbaden,2020,0.27339837699694647
Wiesbaden,2021,0.30958994422169195
Wiesbaden,2022,0.3491292690867949
Wiesbaden,2023,0.3135561290346035
Wiesbaden,2024,0.29372430837641195
Wiesbaden,1992,0.3895617144196287
Wiesbaden,1993,0.41423592735733905
Wiesbaden,1994,0.4271308672652266
Wiesbaden,1995,0.41234503249168014
Wiesbaden,1996,0.38814117162285267
Wiesbaden,1997,0.37699945219503156
Wiesbaden,1998,0.3593258671822334
Wiesbaden,1999,0.36048217089700535
Wiesbaden,2000,0.3498198582616288
Wiesbaden,2001,0.31895986392814607
Wiesbaden,2002,0.32677062469568213
Wiesbaden,2003,0.3037719330122837
Wiesbaden,2004,0.28152060478007246
Wiesbaden,2005,0.26557319612067465
Wiesbaden,2006,0.2844830086422835
Wiesbaden,2007,0.27494549474565966
Wiesbaden,2008,0.26900935268695336
Wiesbaden,2009,0.2724390104950302
Wiesbaden,2010,0.2653170901030513
Wiesbaden,2011,0.28746995053704566
Wiesbaden,2012,0.2692275452036219
Wiesbaden,2013,0.28887631897213434
Wiesbaden,2014,0.28274686167679375
Wiesbaden,2015,0.2671562116767651
Wiesbaden,2016,0.2935080314947774
Wiesbaden,2017,0.3278325064194598
Wiesbaden,2018,0.33289881940633187
Wiesbaden,2019,0.3142701545829679
Wiesbaden,2020,0.34174797124618306
Wiesbaden,2021,0.38698743027711496
Wiesbaden,2022,0.43641158635849364
Wiesbaden,2023,0.39194516129325435
Wiesbaden,2024,0.36715538547051485
Wiesbaden,1992,0.22322167479863353
Wiesbaden,1993,0.2326365913362427
Wiesbaden,1994,0.23500781406755558
Wiesbaden,1995,0.22217061005794464
Wiesbaden,1996,0.21327901953270761
Wiesbaden,1997,0.21118706289895145
Wiesbaden,1998,0.20512804620827865
Wiesbaden,1999,0.20964185487479106
Wiesbaden,2000,0.206432865626754
Wiesbaden,2001,0.1909498706424671
Wiesbaden,2002,0.19842054957876262
Wiesbaden,2003,0.185104852790169
Wiesbaden,2004,0.1721478169644234
Wiesbaden,2005,0.16296391022787962
Wiesbaden,2006,0.1751758041747676
Wiesbaden,2007,0.17337870977237743
Wiesbaden,2008,0.1736232327938218
Wiesbaden,2009,0.17987544679155654
Wiesbaden,2010,0.17388744775223322
Wiesbaden,2011,0.18701314366844227
Wiesbaden,2012,0.1738408088813391
Wiesbaden,2013,0.18418669517995828
Wiesbaden,2014,0.19260732857157667
Wiesbaden,2015,0.16459384029725618
Wiesbaden,2016,0.18450814160579587
Wiesbaden,2017,0.2017002478483708
Wiesbaden,2018,0.20184825227665196
Wiesbaden,2019,0.22011022344895464
Wiesbaden,2020,0.22846102653842545
Wiesbaden,2021,0.2479976957559783
Wiesbaden,2022,0.23823786383170795
Wiesbaden,2023,0.2097414939969255
Wiesbaden,2024,0.20030319851430609
